1396 King Street N Saint Jacobs ON N0B 2N0,Most Accessible
671 Hwy 179 Sedona AZ 86336,Most Accessible
2229 Swallow Hill Rd Green Tree PA 15220,Most Accessible
1965 Barber Dr Stoughton WI 53589,Most Accessible
3097 Sunnyside St Stoughton WI 53589,Most Accessible
35769 S Old Black Canyon Hwy Black Canyon City AZ 85324,Most Accessible
535 Lanark Road Juniper Green EH14 5DE,Most Accessible
36 Inglis Green Road Juniper Green EH14 2ER,Most Accessible
1806 Windsor Square Dr Mattews NC 28105,Most Accessible
1 Comely Bank Road Stockbridge Stockbridge EH4 1DR,Most Accessible
18401 El Circulo Dr Rio Verde AZ 85263,Most Accessible
1 Main St Hwy 88 Tortilla Flat AZ 85190,Most Accessible
20753 N Pima Rd DC Ranch North Scottsdale AZ 85255,Most Accessible
1500 Washington Road Pittsburgh/S. Hills Galleria PA 15228,Most Accessible
27 Baird Road Ratho EH28 8RU,Most Accessible
9201 S Avenida Del Yaqui Guadalupe AZ 85283,Most Accessible
9201 S Avenida Del Yaqui Guadalupe AZ 85283,Most Accessible
1801 W Baseline Rd Guadalupe AZ 85283,Most Accessible
1821 W Baseline Rd Guadalupe AZ 85283,Least Accessible
244 W Bridge St Homestead West Homestead PA 15120,Most Accessible
210 West Bridge Street Homestead West Homestead PA 15120,Most Accessible
250 W Bridge St Homestead West Homestead PA 15120,Most Accessible
299 W Bridge St Homestead West Homestead PA 15120,Least Accessible
410 West Waterfront Dr Homestead West Homestead PA 15120,Most Accessible
1597 Washington Pike Bridgeville PA 15017,Most Accessible
1597 Washington Pike Ste A56 Bridgeville PA 15017,Most Accessible
1200 Pennsylvania Ave North Side Bridgeville PA 15017,Most Accessible
1597 Washington Pk Collier Town Square Bridgeville PA 15017,Least Accessible
1595 Washington Pike Bridgeville PA 15017,Most Accessible
185 W. Waterfront Drive Homestead Pittsburgh/Waterfront PA 15120,Most Accessible
18990 Aut Transcanadienne Baie-D'urfe QC H9X 3S4,Most Accessible
624 Brownsville Rd Knoxville Mt. Oliver Boro PA 15210,Most Accessible
3615 Butler St Lawrenceville Lawrenceville PA 15201,Most Accessible
4712 E Ray Rd Higley AZ 85236,Most Accessible
2625 Craig Road N. Las Vegas NV 89032,Most Accessible
190 W Craig Rd N. Las Vegas NV 89032,Most Accessible
10840 West Charleston Summerlin Summerlin NV 89135,Most Accessible
421 Lincoln Ave Bellevue Bellvue PA 15202,Most Accessible
8955 S. Eastern Avenue Southeast Green Valley NV 89123,Most Accessible
4136 Library Rd Pittsburrgh PA 15234,Least Accessible
South Gyle South Gyle Edinburgh,Least Accessible
Regents Way Dalgety Bay KY11,Least Accessible
704 Island Ave Mc Kees Rocks PA 15136,Least Accessible
704 Island Ave Mc Kees Rocks PA 15136,Least Accessible
Rheinstraße 12 - Weststadt 76532 Baden-Baden,Least Accessible
5 High Street Lasswade EH18 1NA,Least Accessible
114 Dresden Ave Mont-Royal QC H3P 2B6,Least Accessible
1970 Graham Boul Mont-Royal QC H3R 1H3,Least Accessible
Rockland Shopping Center 2305 Chemin Rockland Unit 17 Mont-Royal QC H3P 3E9,Least Accessible
1248 Beaumont Ave Mont-Royal QC,Least Accessible
733 Broadway Ave Stowe Township PA 15136,Least Accessible
1430 King St N Woolwich ON N0B 2N0,Least Accessible
1525 Potomac Ave Dormont Dormont PA 15216,Least Accessible
1109 S Braddock Ave Regent Square PA 15218,Least Accessible
Straiton Mains Straiton Loanhead EH20 9PW,Least Accessible
21 Chemin De La Grande-Côte Boisbriand QC J7G 1C8,Least Accessible
Boisbriand QC,Least Accessible
3395 Av Des Grandes Tourelles Boisbriand QC J7H 0A7,Least Accessible
3031 Lobsinger Line RR 1 St Clements ON N0B 2M0,Least Accessible
972 Boulevard Decarie Saint Laurent QC H4L 3M5,Least Accessible
37900 W Salome Hwy Tonopah AZ 85354,Least Accessible
Tonopah AZ 85354,Least Accessible
41101 W Indian School Road Tonopah AZ 85354,Least Accessible
4744 Liberty Ave Bloomfield Bloomfield PA 15224,Least Accessible
PHX Sky Harbor Airport Terminal 4 Central City Village AZ 85034,Least Accessible
Sky Harbor Airport Terminal 4 Central City Village AZ 85034,Least Accessible
12585 Sherbrooke Rue E Pointe-Aux-Trembles QC H1B 1C8,Least Accessible
190 Promenades Du Centropolis Laval QC H7T,Least Accessible
37 Rose Street New Town New Town EH2 2NH,Least Accessible
119 Rose Street New Town New Town EH2 3DT,Least Accessible
414 Hawkins Ave Braddock PA 15104,Least Accessible
11121 Grand Ave Youngtown AZ 85363,Least Accessible
11101 Grand Ave Youngtown AZ 85363,Least Accessible
11127 W Arizona Ave Youngtown AZ 85363,Least Accessible
1451 Sainte-Catherine Rue E Montéal QC H2L 2H9,Least Accessible
1910 Ch D'oka Deux-Montagnes QC J7R 1N4,Least Accessible
6010 US Hwy 51 McFarland WI 53558,Least Accessible
5906 US Hwy 51 McFarland WI 53558,Least Accessible
4706 Farwell St McFarland WI 53558,Least Accessible
2515 Hwy 51 Mcfarland WI 53558,Least Accessible
1718 Boul Saint-Joseph Lachine QC H8S 2N2,Least Accessible
1678 Boul Saint-Joseph Lachine QC H8S 2N1,Least Accessible
430 28E Av Lachine QC H8S 3Z4,Least Accessible
665 Avenue 32E Lachine QC H8T 3G6,Least Accessible
2490 Boul Saint-Joseph Lachine QC H8S 2N8,Least Accessible
1900 St.-Joseph Lachine QC H8S 2N5,Least Accessible
1380 Rue Notre-Dame Street Lachine QC H8S 2C8,Least Accessible
3135 Rue Notre-Dame Lachine QC H8S 2H4,Least Accessible
600 Boul SaintJoseph Lachine QC H8S 2M1,Least Accessible
2780 Rue Remembrance Lachine QC H8S 1X8,Least Accessible
2166 Boul Saint-Joseph Lachine QC H8S 2N7,Least Accessible
475 Saint-Jacques Rue Lachine QC H8R 1E9,Least Accessible
3210 Saint-Joseph Boul Lachine QC H8T 1P4,Most Accessible
3060 Saint-Joseph Boul Lachine QC H8S 2P4,Least Accessible
736 Bellefonte St Shadyside Shadyside PA 15232,Least Accessible
374 Victoria Av Westmount QC H3Z 2N4,Least Accessible
1362 Greene Avenue Westmount QC H3Z 2B1,Least Accessible
1336 Greene Avenue Westmount QC H3Z 2B1,Least Accessible
1377 Greene Avenue Westmount QC H3Z 2A5,Least Accessible
1 Westmount Square Westmount QC H3Z 2P9,Least Accessible
5033 Sherbrooke Rue W Westmount QC H3Z 1H2,Least Accessible
4124 Sainte-Catherine Rue W Westmount QC H3Z 1P4,Least Accessible
4906 Rue Sherbrooke Ouest Westmount QC H3Z 1H3,Least Accessible
1 Westmount Car Westmount QC H3Z 2P9,Least Accessible
1232 Greene Avenue Westmount QC H3Z 2A3,Least Accessible
4865 Rue Sherbrooke W Westmount QC H3Z 1G9,Least Accessible
4894 Sherbrook St W Westmount QC H3Z 1H4,Least Accessible
4022 St Catherine St W Westmount QC H3Z,Least Accessible
4785 Sherbrooke St W Westmount QC H3Z 2M3,Least Accessible
4024 B Saint Catherine W Westmount QC H3Z 1P2,Least Accessible
3015 De Maisonneuve O Westmount QC H3Z 1K1,Least Accessible
378 Victoria Avenue Westmount QC H3Z 2N1,Least Accessible
4858 Rue Sherbrooke W Westmount QC H3Z 1H1,Least Accessible
4024A Suite-Catherine Ouest Westmount QC H3Z,Least Accessible
4257 Saint Catherine Street W Westmount QC H3Z 1P7,Least Accessible
2929 Chemin Gascon Mascouche QC J7L 3X7,Least Accessible
3320 Boulevard Taschereau Greenfield Park Quebec QC J4V 2H6,Least Accessible
57 Bavelaw Road Balerno EH14,Least Accessible
16981 bd Gouin O Sainte-Genevieve QC H9H 1E6,Least Accessible
641 North Ave Millvale Millvale PA 15209,Least Accessible
476 Avenue Victoria Saint-Lambert QC J4P 2J4,Least Accessible
47 Rue Green Saint-Lambert QC J4P 1S2,Least Accessible
35 Désaulnier Saint-Lambert QC J4P,Least Accessible
6400 Weddington-Monroe Rd Wesley Chapel NC 28104,Least Accessible
6400 Weddington Monroe Rd Ste G Wesley Chapel NC 28104,Least Accessible
Untere Buchstr. 19 76751 Jockgrim,Least Accessible
49 Westminster Avenue Montreal-West QC H4X 1Y8,Least Accessible
26 Rue Turgeon Sainte-Thérèse QC J7E 3H2,Least Accessible
327 Boul Curé Labelle Sainte-Thérèse QC J7E 2G1,Least Accessible
1268 Van Horne Avenue Outremont QC H2V 1K6,Least Accessible
1265 Rue Bernard W Outremont QC H2V 1V8,Least Accessible
1148 Van Horne Avenue Outremont QC H2V 1J8,Least Accessible
1051 rue Bernard Ouest Outremont QC H2V 1V1,Least Accessible
1250 rue Bernard Ouest Outremont QC H2V 1V9,Least Accessible
1249 Rue Bernard Ouest Outremont QC H2V 1V7,Least Accessible
5200 rue Hutchison Outremont QC H2V 4B3,Least Accessible
1261 Ave Bernard Outremont QC H2V 1V8,Least Accessible
1134 Van Horne Av Outremont QC H2V 1J8,Least Accessible
1226 Van Horne Ave Outremont QC H2V 1K3,Least Accessible
1505 Van Horne Av Outremont QC H2V 1L4,Least Accessible
5198 Hutchison Rue Outremont QC H2V 4A9,Least Accessible
1057 Rue Bernard Ouest Outremont QC H2V 1V1,Least Accessible
1257 Rue Bernard Ouest Outremont QC H2V 1V8,Least Accessible
1334 avenue Van Horne Outremont QC H2V 1K8,Least Accessible
1205 rue Bernard Ouest Outremont QC H2V 1V7,Least Accessible
1268 Ave Van Horne Outremont QC H2V 1K4,Least Accessible
7325 Langelier Boulevard Saint-Leonard QC H1S 1V6,Least Accessible
4689 Jean-Talon Rue E Saint-Leonard QC H1S 1K3,Least Accessible
6878 Jean-Talon Rue E Saint-Leonard QC H1S 1N1,Least Accessible
4490 Jean-Talon E Saint-Leonard QC H1S 1K1,Least Accessible
6675 Jean-Talon Rue E Saint-Leonard QC H1S 1N2,Least Accessible
4673 Jarry Rue E Saint-Leonard QC H1R 1X6,Least Accessible
5190 Jarry Rue E Saint-Leonard QC H1R 1Y4,Least Accessible
6419 Jean-Talon Rue E Saint-Leonard QC H1S 3E7,Least Accessible
6313 rue Jarry Est Saint Leonard Saint-Leonard QC H1P,Least Accessible
1265 Boulevard Des Seigneurs Terrebonne QC J6W,Least Accessible
4140 Clairton Blvd Brentwood PA 15227,Least Accessible
5301 Grove Rd Whitehall PA 15236,Least Accessible
300 E Holum St DeForest WI 53532,Least Accessible
142 Market St DeForest WI 53532,Least Accessible
300 E Holum St DeForest WI 53532,Least Accessible
404 N Main St DeForest WI 53532,Least Accessible
605 S Main St DeForest WI 53532,Least Accessible
Edinburgh Airport City of Edinburgh Edinburgh,Least Accessible
7300 Des Roseraies Boul Anjou QC H1M 2T5,Least Accessible
7999 Boulevard Des Galeries d'Anjou Anjou QC H1M 1W9,Least Accessible
7999 Gallerie Des Anjou Anjou QC H1M 1W9,Least Accessible
7225 Boulevard des Galeries d'Anjou Anjou QC H1M 3A5,Least Accessible
2 Rue Blainville O Sainte-Therese QC J7E 1W9,Least Accessible
1676 Poirier Rue Saint-Laurent QC H4L 1J3,Least Accessible
930 Decarie Boul Saint-Laurent QC H4L 3M4,Least Accessible
2165 Marcel-Laurin Boul Saint-Laurent QC H4R 1K4,Least Accessible
1717 Poirier Rue Saint-Laurent QC H4L 1J4,Least Accessible
1475 Du College Rue Saint-Laurent QC H4L 2L8,Least Accessible
1950 Marcel-Laurin Boul Saint-Laurent QC H4R 1J9,Least Accessible
971 Decarie Boul Saint-Laurent QC H4L 3M6,Least Accessible
1320 Marcel-Laurin Boul Saint-Laurent QC H4R 1J9,Most Accessible
861 Decarie Boul Saint-Laurent QC H4L 3L7,Least Accessible
884 Decarie Boul Saint-Laurent QC H4L 3L9,Least Accessible
1408 De L'eglise Rue Saint-Laurent QC H4L 2H3,Least Accessible
2373 Boulevard Marcel-Laurin Saint-Laurent QC H4R 1K4,Least Accessible
1720 Oxford Rue Saint-Laurent QC H4L 1B6,Least Accessible
1180 Decarie Rue Saint-Laurent QC H4L 3M9,Least Accessible
953 Boulevard Decarie Saint-Laurent QC H4L 3M3,Least Accessible
1805 O'brien Av Saint-Laurent QC H4L 3W6,Least Accessible
3131 Boulevard De La Cote-Vertu Saint-Laurent QC H4R 1Y5,Least Accessible
6705 De La Cote-De-Liesse Ch Saint-Laurent QC H4T 1E5,Least Accessible
1580 Barre Rue Saint-Laurent QC H4L 4M6,Most Accessible
1671 Poirier Rue Saint-Laurent QC H4L 1J2,Least Accessible
733 Boulevard de La Cote-Vertu Saint-Laurent QC H4L 1Y3,Least Accessible
1818 Boulevard De La Cote-Vertu Saint-Laurent QC H4L 2A6,Least Accessible
1928 Boul. Thimens Saint-Laurent QC H4R 2K2,Least Accessible
3500 Boul Cote Vertu Saint-Laurent QC H4R 1P8,Least Accessible
1803 Rue Poirier Saint-Laurent QC H4L 5K8,Least Accessible
3131 Boulevard De La Cote Vertu Saint-Laurent QC H4R 1Y8,Least Accessible
1993 Boulevard Marcel-laurin Saint-Laurent QC H4R 1K4,Least Accessible
1814 Boulevard De La Côte-vertu Saint-Laurent QC H4L 2A6,Least Accessible
3500 Chemin De La Côte-Vertu Saint-Laurent QC H4R 1P8,Least Accessible
3450 Boulevard de la Côte-Vertu Saint-Laurent QC H4R 1P8,Least Accessible
199 Blvd Labelle Rosemère QC J7A 2H2,Least Accessible
2 Chemin de la Grande Côte Rosemère QC J7A 3T3,Least Accessible
399 Boulevrd Labelle Rosemère QC J7A 3V8,Least Accessible
707 King St E Cambridge ON N3H 3N8,Least Accessible
855 King Street E Cambridge ON N3H 3P2,Least Accessible
154 Atwater Avenue Communauté-Urbaine-de-Montréal QC H4C 2G3,Least Accessible
200 Virginia Ave Mt. Washington Mount Washington PA 15211,Least Accessible
13645 Providence Road Weddington NC 28104,Least Accessible
454 Salem Dr Delmont PA 15243,Least Accessible
791 W Charlotte Ave Mount Holly NC 28120,Least Accessible
205 Madora St Mount Holly NC 28120,Least Accessible
349 W Charlotte Ave Mount Holly NC 28120,Least Accessible
704 S Main St Mount Holly NC 28120,Least Accessible
1610 S NC 16 Hwy Mount Holly NC 28120,Least Accessible
200 S Main St Mount Holly NC 28120,Least Accessible
128 S Main St Mount Holly NC 28120,Least Accessible
615 S Main St Mount Holly NC 28120,Least Accessible
18300 S Old US Hwy 80 Arlington AZ 85322,Least Accessible
1398 King St N St Jacobs ON N0B 2N0,Least Accessible
3810 Butler St Lawrenceville Lower Lawrenceville PA 15201,Least Accessible
Ettlinger Str.  1 76307 Karlsbad,Least Accessible
Benzstr. 5 76307 Karlsbad,Least Accessible
100 Bettis Rd Dravosburg PA 15034,Least Accessible
445 Beaconsfield Blvd Beaconsfield QC H9W 4C2,Least Accessible
56 Avenue Fieldfare Beaconsfield QC H9W 4W6,Least Accessible
2762 Boul St-Charles Beaconsfield QC H9W,Least Accessible
Industriestr. 6 76467 Bietigheim,Least Accessible
Badenstr. 31 76467 Bietigheim,Least Accessible
Kirchstr. 1 76467 Bietigheim,Least Accessible
1702 Boul Des Laurentides Vimont QC H7M 2P4,Least Accessible
1746 Boul Des Laurentides Vimont QC H7M 2P6,Least Accessible
2020 Boul Des Laurentides Vimont QC H7M 2R4,Least Accessible
3921 Mt Gallant Rd Rock Hill SC 29732,Least Accessible
2875 S Nellis Blvd Sunrise Las Vegas NV 89121,Least Accessible
67 Sainte Anne Sainte-Ann-De-Bellevue QC H9X 1L5,Least Accessible
1021 N Canal St Sharpsburg Sharpsburg PA 15215,Least Accessible
2218 Main St Sharpsburg Sharpsburg PA 15215,Least Accessible
914 Main St Sharpsburg Sharpsburg PA 15215,Least Accessible
3180 Rue Fleury E Montreal-Nord QC H1H 2R3,Least Accessible
3343-C Des Sources Boulevard Dollard-Des Ormeaux QC H9B 1Z8,Least Accessible
2901 Bd Taschereau Saint-Hubert QC J4T 3K1,Least Accessible
59 Westminster North Montréal-Ouest QC H4X 1Y8,Least Accessible
14 De La Gauchetiere Rue Montreal-Est QC H2X 1P3,Least Accessible
Kirchbergstr. 30 76356 Weingarten (Baden),Least Accessible
Jöhlinger Str. 1 76356 Weingarten (Baden),Least Accessible
376 rue Cherrier L'Île-Bizard QC H9C 1S1,Least Accessible
20th St Camelback Rd Scottsdale Country Acres AZ 85251,Least Accessible
28 W Steuben St Crafton PA 15233,Least Accessible
Crafton Ingram Shopping Center 17 Foster Ave Crafton PA 15205,Least Accessible
72/74 Lothian Street Bonnyrigg and Lasswade EH19 3,Least Accessible
7914 State Road 19 Dane WI 53529,Least Accessible
115 E Main St Dane WI 53529,Least Accessible
209 De La Rotonde L'Île-des-Soeurs QC J6S,Least Accessible
236 Ch De La Grande-Cote Rosemere QC J7A 1H4,Least Accessible
259 Boul Labelle Rosemere QC J7A 2H3,Least Accessible
1917 E Railroad St Heidelberg PA 15106,Least Accessible
Town Square Southeast Clark County NV 89119,Least Accessible
Ebertstr. 3-5 46395 Bocholt,Least Accessible
65-67 S Bridge Newington Old Town EH1 1LS,Least Accessible
385 Boul Cure-Labelle Fabreville QC H7P 2P3,Least Accessible
Karlstr. 16 76744 Wörth am Rhein,Least Accessible
Cany-Barville-Str. 2 76744 Wörth am Rhein,Least Accessible
Raiffeisenstr. 3 76744 Wörth am Rhein,Least Accessible
Ludwigstraße 43 76744 Wörth am Rhein,Least Accessible
Mozartstr. 12 Nähe Hallenbad / Tennisplatz 76744 Wörth am Rhein,Least Accessible
401 Boul Du Cure-Labelle Blainville QC J7C 2H3,Least Accessible
554 Boulevard Du Cure-Labelle Blainville QC J7C 2L5,Least Accessible
West Craigie Farm South Queensferry Queensferry EH30,Least Accessible
4 Newhalls Rd Queensferry EH30 9TA,Least Accessible
169 Front St New Dundee ON N0B 2E0,Least Accessible
10 High Street Inverkeithing KY11 1NN,Least Accessible
5922 A-13 Weddington-Monroe Rd Monroe NC 28110,Least Accessible
Rheinstrasse 7 76776 Neuburg,Least Accessible
245 Grande Cote Rd Saint-Eustache QC J7P 1B3,Least Accessible
5509 Avenue Westminster Cote-Saint-Luc QC H4W 2J2,Least Accessible
7575 Boul Taschereau Brossard QC J4Y 1A2,Least Accessible
7579 Boul Taschereau Brossard QC J4Y 1A2,Least Accessible
7850 Taschereau Blvd Brossard QC J4X 1C2,Least Accessible
8080 Boul Taschereau Brossard QC J4X 1C2,Least Accessible
2151 Boul Lapiniere Brossard QC J4W 2T5,Least Accessible
8050 Boulevard Taschereau Brossard QC J4X 1C2,Least Accessible
7681 Boul Taschereau Brossard QC J4Y 1A2,Least Accessible
1555 Boulvard Provencher Brossard QC J4W 1Z3,Least Accessible
6200 Boul Taschereau Brossard QC J4W 3J8,Least Accessible
5588 Av Auteuil Brossard QC J4Z 1M2,Least Accessible
6155 Boul Taschereau Brossard QC J4Z 1A6,Least Accessible
7733 Boul Taschereau Brossard QC J4Y 1A3,Most Accessible
3030 Boul Rome Brossard QC J4Y 1V9,Least Accessible
1200 Boul Rome Brossard QC J4W 3H3,Least Accessible
2230 Blvd Lapiniere Brossard QC J4W 1M3,Least Accessible
8080 Boulevard Taschereau Brossard QC J4X 1C2,Least Accessible
6835 Boul. Taschereau Brossard QC J4Z 1A7,Least Accessible
3 Pl du Commerce bd Provencher Brossard QC J4W 2Z6,Least Accessible
2340 Blvd Lapinière Brossard QC J4Z 2K7,Least Accessible
8265 Blvd Taschereau Brossard QC J4Y 1A4,Least Accessible
8050 Boulevard Taschereau Brossard QC J4X 1C2,Least Accessible
7209 Boulevard Taschereau Suite 102 Brossard QC J4Y,Least Accessible
9105 Boulevard Taschereau Brossard QC J4Y 3B8,Least Accessible
5605 Boul Taschereau Brossard QC J4Z 1A2,Least Accessible
2550 Boulevard Lapinière Suite 101 Brossard QC J4Z 1R9,Least Accessible
1200 Rome Boulevard Unit O Brossard QC J4W 3H3,Least Accessible
8900 Boulevard Leduc Suite 10 Brossard QC J4Y 0G4,Least Accessible
7209 Boul Taschereau Local 111 Brossard QC J4Y 1A1,Least Accessible
1200 Boulevard Rome Brossard QC J4W 3H3,Least Accessible
4745 Boulevard Grande Allée Brossard QC J4Z 1E2,Least Accessible
7209 Boulevard Taschereau Suite 109 Brossard QC J4Y 1A1,Least Accessible
7400 Boulevard Taschereau Brossard QC J4W 1M9,Least Accessible
6678 Taschereau Brossard QC J4W 1M8,Least Accessible
4819 Boulevard Taschereau Brossard QC J4Z 1A2,Least Accessible
9200 Boulevard Leduc Suite 140 Brossard QC J4Y 0L1,Most Accessible
530 William Penn Pl Downtown Downtown PA 15219,Least Accessible
Am Vogelpark 3 76297 Stutensee neuthard,Least Accessible
7400 Church St Swissvale PA 15218,Least Accessible
7520 Washington St Swissvale PA 15218,Least Accessible
2011 Waverly Ave Swissvale PA 15218,Least Accessible
Ingliston Newbridge EH28 8NE,Least Accessible
8111 Concord Blvd Concord Mills NC 28027,Least Accessible
6520 W Happy Valley Rd Ste 101 Glendale Az AZ 85310,Least Accessible
346 Boulevard Curé-Labelle Ste-Rose QC H7L 4T7,Least Accessible
Cote-des-Neiges-Notre-Dame-de-Grace QC,Least Accessible
West Tropicana and Hualapai South Summerlin Summerlin South NV 89147,Least Accessible
7200 Las Vegas Blvd Southeast Enterprise NV 89119,Least Accessible
7390 S Las Vegas Blvd Las Vegas Premium Outlets - South Southeast Enterprise NV 89123,Least Accessible
Phoenix Sky Harbour Airport Phoenix Sky Harbor Center AZ 85034,Least Accessible
2778 Boulevard Jacques-Cartier E Longueuil QC J4N 1P8,Least Accessible
2497 Ch De Chambly Longueuil QC J4L 1M2,Least Accessible
2794 Boulevard Jacques-Cartier E Longueuil QC J4N 1P8,Least Accessible
181 Rue Saint-Charles O Longueuil QC J4H 1C8,Least Accessible
177 St-Charles Longueuil QC J4H 1C8,Most Accessible
2770 Boulevard Jacques Cartier E Longueuil QC J4N 1P8,Least Accessible
352 Guillaume Longueuil QC J4H 1S3,Least Accessible
825 Rue St Laurent Ouest Longueuil QC J4K 2V1,Least Accessible
244 Rue Saint-Charles O Longueuil QC J4H 1E1,Least Accessible
1000 Boulevard Sainte-Foy Longueuil QC J4K 1V9,Least Accessible
2475 Ch De Chambly Longueuil QC J4L 1M1,Least Accessible
475-497 Rue Saint-Charles W Longueuil QC J4H 3Y5,Least Accessible
337 Rue Saint-Charles Ouest Longueuil QC J4H 1E7,Least Accessible
Pforzheimer Str. 34 76337 Waldbronn,Least Accessible
Ettlinger Str. 97 76337 Waldbronn,Least Accessible
Marktplatz 8 76337 Waldbronn,Least Accessible
Stuttgarter Str. 43 76337 Waldbronn,Least Accessible
4215 Las Vegas Blvd N Nellis Afb NV 89115,Least Accessible
4200 Mountain Home St NELLIS AFB NV 89115,Least Accessible
4200 N Washington Blvd Bldg 429 Nellis AFB NV 89191,Least Accessible
4328 Stealth Ave Nellis AFB NV 89191,Least Accessible
1871 Sawmill Rd Conestogo ON N0B 1N0,Least Accessible
777 Casino Dr North Side Chateau PA 15212,Least Accessible
5337 Rue Henri-Bourassa E Montréal-Nord QC H1G 2T1,Least Accessible
10910 Boul Pie-IX Montréal-Nord QC H1H 2A4,Least Accessible
120 Boul Taschereau La Prairie QC J5R 1S8,Least Accessible
577 Boul Taschereau La Prairie QC J5R 1V4,Least Accessible
1119 Boul Taschereau La Prairie QC J5R 1W9,Least Accessible
Tilghman Square Shopping Center 4624 A Broadway Rd Beechview Allentown PA 18104,Least Accessible
834 Blvd Décarie St-Laurent QC H4L 3L9,Least Accessible
7551 Newman Boul Lasalle QC H8N 1X3,Least Accessible
7669 Rue Centrale Lasalle QC H8P 1L4,Least Accessible
6857 Newman Boul Lasalle QC H8N 3E4,Least Accessible
1756 Avenue Dollard Lasalle QC H8N 1T8,Least Accessible
1661 Dollard Av Lasalle QC H8N 1T7,Least Accessible
1714 Dollard Av Lasalle QC H8N 1T8,Least Accessible
1033 90E Avenue Lasalle QC H8R 3A4,Least Accessible
1400 avenue Dollard LaSalle QC H8N 1T4,Least Accessible
7660 Newman Blvd Lasalle QC H8N 1X8,Least Accessible
7401 Boul Newman LaSalle QC H8N 1X3,Least Accessible
9100 Newman Blvd Lasalle QC H8R 1Y8,Least Accessible
Ramond Brig Cramond Bridge EH4 6DY,Least Accessible
